-- =============================================================================
-- シードデータ（テスト用サンプルデータ）
-- =============================================================================

-- -----------------------------------------------------------------------------
-- イベントデータ
-- -----------------------------------------------------------------------------

-- 今後開催予定のイベント（子ども向け体験イベント）
INSERT INTO events (
  id, title, description, event_date, start_time, end_time,
  location, capacity, fee, target_audience, belongings,
  caution_text, caution_version,
  reservation_start_at, reservation_end_at,
  is_published, is_accepting
) VALUES (
  'a1b2c3d4-e5f6-7890-abcd-ef1234567890',
  '夏休み親子陶芸体験教室',
  '親子で楽しむ陶芸体験！土をこねて、自分だけのオリジナル作品を作りましょう。初心者大歓迎です。作った作品は焼成後、約1ヶ月後にお渡しします。',
  '2026-08-10',
  '10:00',
  '12:00',
  'つちほる工房（東京都世田谷区○○1-2-3）',
  20,
  1500,
  '小学1年生〜6年生とその保護者',
  '汚れてもよい服装、タオル、飲み物',
  '【参加にあたっての注意事項】
1. 当日は開始10分前までにお越しください。
2. お子様だけでの参加はできません。必ず保護者同伴でお願いします。
3. 材料費は当日現金でお支払いください。
4. アレルギーのある方は事前にお知らせください。
5. 作品の焼成には約1ヶ月かかります。完成次第ご連絡いたします。
6. キャンセルの場合は3日前までにご連絡ください。
7. 写真撮影を行う場合があります。SNS等への掲載にご了承ください。',
  1,
  '2026-06-01 00:00:00+09',
  '2026-08-08 23:59:59+09',
  true,
  true
);

-- 過去に開催済みのイベント
INSERT INTO events (
  id, title, description, event_date, start_time, end_time,
  location, capacity, fee, target_audience, belongings,
  caution_text, caution_version,
  reservation_start_at, reservation_end_at,
  is_published, is_accepting
) VALUES (
  'b2c3d4e5-f6a7-8901-bcde-f12345678901',
  '春のこどもの日 手びねり体験',
  'こどもの日特別企画！手びねりで小さなお皿やカップを作ります。世界にひとつだけの食器で、毎日の食事がもっと楽しくなりますよ。',
  '2026-03-05',
  '13:00',
  '15:30',
  'つちほる工房（東京都世田谷区○○1-2-3）',
  15,
  1000,
  '5歳〜小学6年生（保護者同伴）',
  '汚れてもよい服装、エプロン、手拭きタオル',
  '【参加にあたっての注意事項】
1. 当日は開始10分前までにお越しください。
2. 保護者の方は必ずお子様と一緒にご参加ください。
3. 材料費は当日現金でお支払いください。
4. 作品のお渡しは約3週間後となります。
5. キャンセルは2日前までにお願いします。',
  1,
  '2026-02-01 00:00:00+09',
  '2026-03-03 23:59:59+09',
  true,
  false
);

-- -----------------------------------------------------------------------------
-- アンケート質問データ（今後開催予定のイベント用）
-- -----------------------------------------------------------------------------

-- 質問1: 単一選択
INSERT INTO survey_questions (
  id, event_id, question_text, question_type, is_required, sort_order, options_json
) VALUES (
  'c1111111-1111-1111-1111-111111111111',
  'a1b2c3d4-e5f6-7890-abcd-ef1234567890',
  'このイベントを何で知りましたか？',
  'single_choice',
  true,
  1,
  '["ホームページ", "SNS（Instagram・X）", "チラシ・ポスター", "知人の紹介", "その他"]'
);

-- 質問2: 複数選択
INSERT INTO survey_questions (
  id, event_id, question_text, question_type, is_required, sort_order, options_json
) VALUES (
  'c2222222-2222-2222-2222-222222222222',
  'a1b2c3d4-e5f6-7890-abcd-ef1234567890',
  '参加を決めた理由を教えてください（複数選択可）',
  'multiple_choice',
  true,
  2,
  '["子どもに陶芸を体験させたい", "親子で一緒に楽しめる", "夏休みの思い出作り", "自由研究のネタにしたい", "友人に勧められた", "その他"]'
);

-- 質問3: 自由記述
INSERT INTO survey_questions (
  id, event_id, question_text, question_type, is_required, sort_order, options_json
) VALUES (
  'c3333333-3333-3333-3333-333333333333',
  'a1b2c3d4-e5f6-7890-abcd-ef1234567890',
  'ご質問やご要望があればご記入ください',
  'free_text',
  false,
  3,
  null
);

-- -----------------------------------------------------------------------------
-- 予約データ（今後開催予定のイベント用）
-- -----------------------------------------------------------------------------

-- 予約1: 田中さん親子（2名参加）
INSERT INTO reservations (
  id, event_id, name, email, phone,
  participant_count, note, status,
  agreed_to_caution, agreed_at, caution_version
) VALUES (
  'd1111111-1111-1111-1111-111111111111',
  'a1b2c3d4-e5f6-7890-abcd-ef1234567890',
  '田中 太郎',
  'tanaka.taro@example.com',
  '090-1234-5678',
  2,
  '小学3年生の息子と参加します。陶芸は初めてです。',
  'confirmed',
  true,
  '2026-06-15 10:30:00+09',
  1
);

-- 予約2: 鈴木さん親子（3名参加）
INSERT INTO reservations (
  id, event_id, name, email, phone,
  participant_count, note, status,
  agreed_to_caution, agreed_at, caution_version
) VALUES (
  'd2222222-2222-2222-2222-222222222222',
  'a1b2c3d4-e5f6-7890-abcd-ef1234567890',
  '鈴木 花子',
  'suzuki.hanako@example.com',
  '080-9876-5432',
  3,
  '小学1年生と4年生の姉妹と参加予定です。',
  'confirmed',
  true,
  '2026-06-20 14:15:00+09',
  1
);

-- 予約3: 佐藤さん親子（2名参加）
INSERT INTO reservations (
  id, event_id, name, email, phone,
  participant_count, note, status,
  agreed_to_caution, agreed_at, caution_version
) VALUES (
  'd3333333-3333-3333-3333-333333333333',
  'a1b2c3d4-e5f6-7890-abcd-ef1234567890',
  '佐藤 健一',
  'sato.kenichi@example.com',
  '070-5555-1234',
  2,
  null,
  'confirmed',
  true,
  '2026-07-01 09:00:00+09',
  1
);

-- -----------------------------------------------------------------------------
-- アンケート回答データ
-- -----------------------------------------------------------------------------

-- 田中さんの回答
INSERT INTO survey_answers (reservation_id, question_id, answer_text, answer_json) VALUES
  ('d1111111-1111-1111-1111-111111111111', 'c1111111-1111-1111-1111-111111111111', 'SNS（Instagram・X）', null),
  ('d1111111-1111-1111-1111-111111111111', 'c2222222-2222-2222-2222-222222222222', null, '["子どもに陶芸を体験させたい", "夏休みの思い出作り"]'),
  ('d1111111-1111-1111-1111-111111111111', 'c3333333-3333-3333-3333-333333333333', '左利きでも大丈夫でしょうか？', null);

-- 鈴木さんの回答
INSERT INTO survey_answers (reservation_id, question_id, answer_text, answer_json) VALUES
  ('d2222222-2222-2222-2222-222222222222', 'c1111111-1111-1111-1111-111111111111', '知人の紹介', null),
  ('d2222222-2222-2222-2222-222222222222', 'c2222222-2222-2222-2222-222222222222', null, '["親子で一緒に楽しめる", "子どもに陶芸を体験させたい", "自由研究のネタにしたい"]'),
  ('d2222222-2222-2222-2222-222222222222', 'c3333333-3333-3333-3333-333333333333', '駐車場はありますか？車で伺いたいのですが。', null);

-- 佐藤さんの回答
INSERT INTO survey_answers (reservation_id, question_id, answer_text, answer_json) VALUES
  ('d3333333-3333-3333-3333-333333333333', 'c1111111-1111-1111-1111-111111111111', 'ホームページ', null),
  ('d3333333-3333-3333-3333-333333333333', 'c2222222-2222-2222-2222-222222222222', null, '["夏休みの思い出作り"]');

-- 佐藤さんは自由記述（任意）は未回答
